http://graph.facebook.com/16178305388,http://www.bbc.co.uk/programmes/b006q2x0
http://graph.facebook.com/17726109785,http://www.bbc.co.uk/programmes/b006mj59
http://graph.facebook.com/116704690981,http://www.bbc.co.uk/programmes/b006qgrd
http://graph.facebook.com/95751720642,http://www.bbc.co.uk/programmes/b006xxvg
http://graph.facebook.com/62558768086,http://www.channel4.com/programmes/come-dine-with-me/4od
http://graph.facebook.com/27417806863,http://www.bbc.co.uk/programmes/b006xthd
http://graph.facebook.com/37968208511,http://www.bbc.co.uk/programmes/b00jfhqb
http://graph.facebook.com/121721540070,http://www.bbc.co.uk/programmes/b007wds5
http://graph.facebook.com/21088574789,http://www.bbc.co.uk/programmes/b00qbq57
http://graph.facebook.com/27994914806,http://www.channel4.com/programmes/jamie-at-home/4od
http://graph.facebook.com/352138955102,http://www.bbc.co.uk/programmes/b006mj59
http://graph.facebook.com/17660441606,http://www.channel4.com/programmes/90210/4od
http://graph.facebook.com/7150722818,http://www.bbc.co.uk/programmes/b00jhp3l
http://graph.facebook.com/115237793180,http://www.bbc.co.uk/programmes/b00lwxj1
http://graph.facebook.com/331682820023,http://www.bbc.co.uk/programmes/b00pj22l
http://graph.facebook.com/169383494938,http://www.bbc.co.uk/programmes/b006m86d
http://graph.facebook.com/105446642827544,http://www.bbc.co.uk/programmes/b006m86d
http://graph.facebook.com/114126498598318,http://www.bbc.co.uk/programmes/b006m86d
http://graph.facebook.com/114138758599356,http://www.bbc.co.uk/programmes/b006m86d
http://graph.facebook.com/195063842004,http://www.bbc.co.uk/programmes/b00s69n4
http://graph.facebook.com/364597227480,http://www.bbc.co.uk/programmes/b0072b7p
http://graph.facebook.com/26559017967,http://www.bbc.co.uk/programmes/b0072b7p
http://graph.facebook.com/253727967788,http://www.bbc.co.uk/programmes/b00qcnb2
http://graph.facebook.com/72685000470,http://www.bbc.co.uk/programmes/b00dyv47
http://graph.facebook.com/295470844311,http://www.channel4.com/programmes/black-books
http://graph.facebook.com/8683669890,http://www.channel4.com/programmes/black-books
http://graph.facebook.com/9510548799,http://www.bbc.co.uk/programmes/b006xxw3
http://graph.facebook.com/214273396193,http://www.bbc.co.uk/programmes/b007nf70
http://graph.facebook.com/71734533899,http://www.bbc.co.uk/programmes/b00qbq57
http://graph.facebook.com/174730676585,http://www.channel4.com/programmes/alan-carr-chatty-man
http://graph.facebook.com/162013644203,http://www.channel4.com/programmes/come-dine-with-me/4od
http://graph.facebook.com/114637617143,http://www.channel4.com/programmes/come-dine-with-me/4od
http://graph.facebook.com/8534660767,http://www.bbc.co.uk/programmes/p006cwvz
http://graph.facebook.com/20444148039,http://www.bbc.co.uk/programmes/b00mlx26
http://graph.facebook.com/231408410531,http://www.channel4.com/programmes/curb-your-enthusiasm/
http://graph.facebook.com/6189611940,http://www.bbc.co.uk/programmes/b006q2x0
http://graph.facebook.com/466494460149,http://www.channel4.com/programmes/embarrassing-bodies/4od
http://graph.facebook.com/12533191290,http://www.bbc.co.uk/programmes/b0070rj8
http://graph.facebook.com/24609282673,http://www.bbc.co.uk/programmes/b006mh4j
http://graph.facebook.com/306411942918,http://www.bbc.co.uk/programmes/b00fn9ns
http://graph.facebook.com/147812530863,http://demand.five.tv/Series.aspx?seriesBaseName=FlashForward
http://graph.facebook.com/196432733985,http://www.bbc.co.uk/programmes/b007nf70
http://graph.facebook.com/8411666901,http://www.channel4.com/programmes/gilmore-girls
http://graph.facebook.com/55482772043,http://www.channel4.com/programmes/glee/4od
http://graph.facebook.com/154196080789,http://www.bbc.co.uk/programmes/b0071y6r
http://graph.facebook.com/310983992512,http://www.channel4.com/programmes/green-wing/4od
http://graph.facebook.com/13698744313,http://www.bbc.co.uk/programmes/b006mkw3
http://graph.facebook.com/23749487160,http://www.channel4.com/programmes/hollyoaks/4od
http://graph.facebook.com/7807422276,http://www.channel4.com/programmes/how-i-met-your-mother/4od
http://graph.facebook.com/28237096041,http://www.channel4.com/programmes/the-inbetweeners/4od
http://graph.facebook.com/233495820767,http://www.bbc.co.uk/programmes/b00qcpzh
http://graph.facebook.com/253030046995,http://www.bbc.co.uk/programmes/b00qcp1l
http://graph.facebook.com/114577681901041,http://www.bbc.co.uk/programmes/b006ml0l
http://graph.facebook.com/9452126421,http://www.bbc.co.uk/programmes/b006t85s
http://graph.facebook.com/8808961724,http://www.bbc.co.uk/programmes/b006q2zd
http://graph.facebook.com/140731500326,http://www.bbc.co.uk/programmes/b0094j1x
http://graph.facebook.com/79930080300,http://www.bbc.co.uk/programmes/b006t1k5
http://graph.facebook.com/8585725981,http://www.bbc.co.uk/programmes/b007t9y1
http://graph.facebook.com/146658693922,http://www.channel4.com/programmes/misfits/4od
http://graph.facebook.com/8021236874,http://www.bbc.co.uk/programmes/b006t6vf
http://graph.facebook.com/7524752958,http://www.bbc.co.uk/programmes/b006w47f
http://graph.facebook.com/30676909240,http://www.channel4.com/programmes/nathan-barley/4od
http://graph.facebook.com/10539576578,http://www.bbc.co.uk/programmes/b006v0dz
http://graph.facebook.com/10971766807,http://www.bbc.co.uk/programmes/b008yxvb
http://graph.facebook.com/84727965302,http://www.channel4.com/programmes/big-brother/4od
http://graph.facebook.com/17174318188,http://www.bbc.co.uk/programmes/b007vcf4
http://graph.facebook.com/10897743675,http://www.channel4.com/programmes/my-name-is-earl
http://graph.facebook.com/233451008529,http://www.bbc.co.uk/programmes/b007nf70
http://graph.facebook.com/9044240389,http://www.channel4.com/programmes/one-tree-hill
http://graph.facebook.com/152967492433,http://www.bbc.co.uk/programmes/b00lskhg
http://graph.facebook.com/9806142402,http://www.bbc.co.uk/programmes/b006xthd
http://graph.facebook.com/167202047667,http://www.bbc.co.uk/programmes/b00rd98s
http://graph.facebook.com/318979356755,http://www.channel4.com/programmes/peep-show/4od
http://graph.facebook.com/16737238291,http://www.bbc.co.uk/programmes/b006mh02
http://graph.facebook.com/11975058557,http://www.bbc.co.uk/programmes/b006wz15
http://graph.facebook.com/6500055681,http://www.bbc.co.uk/programmes/b008qnl9
http://graph.facebook.com/10630132798,http://www.bbc.co.uk/programmes/b007m1vk
http://graph.facebook.com/79300234377,http://www.bbc.co.uk/programmes/b00k6pkz
http://graph.facebook.com/29112278285,http://www.channel4.com/programmes/scrubs
http://graph.facebook.com/32411237163,http://www.channel4.com/programmes/scrubs
http://graph.facebook.com/290369401126,http://www.channel4.com/programmes/shameless/4od
http://graph.facebook.com/20121992225,http://www.channel4.com/programmes/skins/4od
http://graph.facebook.com/296060063606,http://www.channel4.com/programmes/spaced/4od
http://graph.facebook.com/74091389391,http://www.bbc.co.uk/programmes/b0071b63
http://graph.facebook.com/22934684677,http://www.channel4.com/programmes/the-big-bang-theory
http://graph.facebook.com/207510530389,http://www.channel4.com/programmes/the-family/4od
http://graph.facebook.com/25806603740,http://www.bbc.co.uk/programmes/b00gthqx
http://graph.facebook.com/338950451036,http://www.channel4.com/programmes/the-inbetweeners/4od
http://graph.facebook.com/494637910144,http://www.channel4.com/programmes/the-it-crowd/4od
http://graph.facebook.com/8856577875,http://www.bbc.co.uk/programmes/b00jd68z
http://graph.facebook.com/145083245286,http://www.bbc.co.uk/programmes/b006qgrd
http://graph.facebook.com/5991693871,http://www.bbc.co.uk/programmes/b00jnwlc
http://graph.facebook.com/10280706859,http://www.bbc.co.uk/programmes/b008m66p
http://graph.facebook.com/10237051311,http://www.bbc.co.uk/programmes/b00pft4t
http://graph.facebook.com/282681245570,http://www.bbc.co.uk/programmes/b006mj59
http://graph.facebook.com/33510056875,http://www.bbc.co.uk/programmes/b00lpnkd
http://graph.facebook.com/69144888562,http://www.channel4.com/programmes/true-blood
http://graph.facebook.com/296840092778,http://www.channel4.com/programmes/unreported-world/4od
http://graph.facebook.com/67327443776,http://www.bbc.co.uk/programmes/b006t1p7
http://graph.facebook.com/96164394633,http://www.channel4.com/programmes/you-have-been-watching/4od
